Workbook

Sheet Start_here
A1: ITEM | B1: STATUS / INSTRUCTION
A2: Execution status | B2: NOT RUN IN MICROSOFT EXCEL. Template only; no vehicle data or verified results.
A3: Source | B3: Use the SAME original randomised XLSM. Preserve its original data and Dataset!B6.
A4: Do not substitute | B4: No CSV round-trip, no new randomisation, no precision-as-displayed setting.
A5: Use in original workbook | B5: Copy these template sheets together into the original XLSM work copy. Verify that formulas reference that workbook, without external links.
A6: Cohort layout | B6: A Original_Row; B Brand_Clean; C Segment; D Car_Price; E Registration_Age; F Kms_Driven. Data start at row 2.
A7: Before calculation | B7: Populate the six cohorts manually in Excel using the audited rules; enter their actual last worksheet rows on Summary_entry.
A8: Summary formulas | B8: Formula_summary contains native Excel formulas. They are unexecuted; Excel must calculate and save them after source data are inserted.
A9: No-mode rule | B9: If a nonempty original-precision numerical series has no repeats, report No mode — all values unique. If modes tie, retain actual mode values with MODE.MULT.
A10: Counts and correlation | B10: COUNT records numerical n. CORREL requires equal-length, aligned ranges and paired valid observations; audit invalid values before copying cohorts.
A11: Sampling | B11: Generate RAND() in Excel over the entire eligible pool; paste values, save, sort whole rows, retain original row IDs and select 5,000.
A12: Graphs | B12: No charts included. Build actual Excel chart objects from verified data and record their ranges in Chart_log.
... A15: Execution environment | B15: This template was authored programmatically as a blank document; no source data, sample, statistical calculations or chart generation were performed.

Sheet Source_manifest
A1: RECORD | B1: VALUE | C1: EVIDENCE / STATUS
A2: Original filename | C2: Enter actual original randomised XLSM filename
A3: Original data sheet | C3: Retain entire original worksheet
A4: Original header row | C4: Verify before adapting formulas
A5: Original first / last rows | C5: Record actual bounds
A6: Dataset!B6 complete text | C6: Reference the original preserved cell; do not fabricate or overwrite it
A7: Screenshot timestamp | B7: 2026-10-07 06:20:30 | C7: Observed screenshot only; timezone unspecified
A8: Original stored precision | C8: Precision-as-displayed disabled; no CSV/ROUND source conversion
A9: Excel platform / version | C9: Enter actual Microsoft Excel version used
A10: Calculation / save time | C10: Complete only after actual Excel execution
A11: Price / usage unique | B11: User reported all values unique | C11: Independent original-XLSM Excel check pending
A12: Original source hash | C12: Enter if available; do not substitute the old CSV hash

Sheet Audit_log
A1: CHECK | B1: EXCEL FORMULA / MENU / RANGE | C1: OBSERVED COUNT | D1: ACTUAL EXCLUSION COUNT | E1: DECISION / REASON | F1: EXECUTED BY / DATE | G1: STATUS
A2: Blank cells by variable | G2: NOT RUN
A3: Non-numeric key values | G3: NOT RUN
A4: Negative age / usage | G4: NOT RUN
A5: Nonpositive prices | G5: NOT RUN
A6: Exact duplicates across original 20 columns | G6: NOT RUN
A7: Duplicates after label normalisation | G7: NOT RUN
A8: Brand labels changed | G8: NOT RUN
A9: Luxury recovered by label cleaning | G9: NOT RUN
A10: Fuel labels changed | G10: NOT RUN
A11: Unclassified brand records | G11: NOT RUN
A12: Unknown categories retained | G12: NOT RUN
A13: Auxiliary zeros | G13: NOT RUN
... A20: Correlations paired-valid n | G20: NOT RUN

Sheet Label_map
A1: VARIABLE | B1: SOURCE TOKEN | C1: NORMALISED VALUE | D1: RATIONALE | E1: ACTUAL AFFECTED N | F1: STATUS
A2: Fuel_Type | B2: hybridd | C2: Hybrid | D2: Course guide spelling example; confirm actual original values | F2: NOT RUN
A3: Fuel_Type | B3: electrik | C3: Electric | D3: Previously observed CSV token; confirm original | F3: NOT RUN
A4: Brand | B4: Leading/trailing spaces | C4: TRIM(source) | D4: Verify full before/after labels; retain originals | F4: NOT RUN

Sheet Summary_entry
A1: COHORT | B1: ACTUAL LAST DATA ROW | C1: ELIGIBLE ROW N | D1: METHOD / FILTER | E1: EXECUTED / DATE | F1: STATUS
A2: Full_all | C2: =IF(B2<2,"NOT RUN",B2-1) | F2: NOT RUN
A3: Full_luxury | C3: =IF(B3<2,"NOT RUN",B3-1) | F3: NOT RUN
A4: Full_nonluxury | C4: =IF(B4<2,"NOT RUN",B4-1) | F4: NOT RUN
A5: Screen_all | C5: =IF(B5<2,"NOT RUN",B5-1) | F5: NOT RUN
A6: Screen_luxury | C6: =IF(B6<2,"NOT RUN",B6-1) | F6: NOT RUN
A7: Screen_nonluxury | C7: =IF(B7<2,"NOT RUN",B7-1) | F7: NOT RUN

Sheet Formula_summary
A1: COHORT | B1: VARIABLE | C1: NUMERIC N | D1: MEAN | E1: MEDIAN | F1: MODE | G1: SAMPLE SD | H1: MIN | I1: MAX | J1: Q1 | K1: Q3 | L1: IQR | M1: DATA RANGE / CHECK
A2: Full_all | B2: Car_Price | C2: =IF(Summary_entry!$B$2<2,"NOT RUN",COUNT('Full_all'!$D$2:INDEX('Full_all'!$D:$D,Summary_entry!$B$2))) | D2: =IF(Summary_entry!$B$2<2,"NOT RUN",IF(C2=0,"NO VALID VALUES",AVERAGE('Full_all'!$D$2:INDEX('Full_all'!$D:$D,Summary_entry!$B$2)))) | E2: =IF(Summary_entry!$B$2<2,"NOT RUN",IF(C2=0,"NO VALID VALUES",MEDIAN('Full_all'!$D$2:INDEX('Full_all'!$D:$D,Summary_entry!$B$2)))) | F2: =IF(Summary_entry!$B$2<2,"NOT RUN",IF(C2=0,"NO VALID VALUES",_xlfn.IFNA(_xlfn.MODE.SNGL('Full_all'!$D$2:INDEX('Full_all'!$D:$D,Summary_entry!$B$2)),"No mode — all values unique"))) | G2: =IF(Summary_entry!$B$2<2,"NOT RUN",IF(C2<2,"INSUFFICIENT N",_xlfn.STDEV.S('Full_all'!$D$2:INDEX('Full_all'!$D:$D,Summary_entry!$B$2)))) | H2: =IF(Summary_entry!$B$2<2,"NOT RUN",IF(C2=0,"NO VALID VALUES",MIN('Full_all'!$D$2:INDEX('Full_all'!$D:$D,Summary_entry!$B$2)))) | I2: =IF(Summary_entry!$B$2<2,"NOT RUN",IF(C2=0,"NO VALID VALUES",MAX('Full_all'!$D$2:INDEX('Full_all'!$D:$D,Summary_entry!$B$2)))) | J2: =IF(Summary_entry!$B$2<2,"NOT RUN",IF(C2=0,"NO VALID VALUES",_xlfn.QUARTILE.INC('Full_all'!$D$2:INDEX('Full_all'!$D:$D,Summary_entry!$B$2),1))) | K2: =IF(Summary_entry!$B$2<2,"NOT RUN",IF(C2=0,"NO VALID VALUES",_xlfn.QUARTILE.INC('Full_all'!$D$2:INDEX('Full_all'!$D:$D,Summary_entry!$B$2),3))) | L2: =IF(Summary_entry!$B$2<2,"NOT RUN",IF(C2=0,"NO VALID VALUES",K2-J2)) | M2: Full_all!D2:D[last row from Summary_entry]
A3: Full_all | B3: Registration_Age | C3: =IF(Summary_entry!$B$2<2,"NOT RUN",COUNT('Full_all'!$E$2:INDEX('Full_all'!$E:$E,Summary_entry!$B$2))) | D3: =IF(Summary_entry!$B$2<2,"NOT RUN",IF(C3=0,"NO VALID VALUES",AVERAGE('Full_all'!$E$2:INDEX('Full_all'!$E:$E,Summary_entry!$B$2)))) | E3: =IF(Summary_entry!$B$2<2,"NOT RUN",IF(C3=0,"NO VALID VALUES",MEDIAN('Full_all'!$E$2:INDEX('Full_all'!$E:$E,Summary_entry!$B$2)))) | F3: =IF(Summary_entry!$B$2<2,"NOT RUN",IF(C3=0,"NO VALID VALUES",_xlfn.IFNA(_xlfn.MODE.SNGL('Full_all'!$E$2:INDEX('Full_all'!$E:$E,Summary_entry!$B$2)),"No mode — all values unique"))) | G3: =IF(Summary_entry!$B$2<2,"NOT RUN",IF(C3<2,"INSUFFICIENT N",_xlfn.STDEV.S('Full_all'!$E$2:INDEX('Full_all'!$E:$E,Summary_entry!$B$2)))) | H3: =IF(Summary_entry!$B$2<2,"NOT RUN",IF(C3=0,"NO VALID VALUES",MIN('Full_all'!$E$2:INDEX('Full_all'!$E:$E,Summary_entry!$B$2)))) | I3: =IF(Summary_entry!$B$2<2,"NOT RUN",IF(C3=0,"NO VALID VALUES",MAX('Full_all'!$E$2:INDEX('Full_all'!$E:$E,Summary_entry!$B$2)))) | J3: =IF(Summary_entry!$B$2<2,"NOT RUN",IF(C3=0,"NO VALID VALUES",_xlfn.QUARTILE.INC('Full_all'!$E$2:INDEX('Full_all'!$E:$E,Summary_entry!$B$2),1))) | K3: =IF(Summary_entry!$B$2<2,"NOT RUN",IF(C3=0,"NO VALID VALUES",_xlfn.QUARTILE.INC('Full_all'!$E$2:INDEX('Full_all'!$E:$E,Summary_entry!$B$2),3))) | L3: =IF(Summary_entry!$B$2<2,"NOT RUN",IF(C3=0,"NO VALID VALUES",K3-J3)) | M3: Full_all!E2:E[last row from Summary_entry]
A4: Full_all | B4: Kms_Driven | C4: =IF(Summary_entry!$B$2<2,"NOT RUN",COUNT('Full_all'!$F$2:INDEX('Full_all'!$F:$F,Summary_entry!$B$2))) | D4: =IF(Summary_entry!$B$2<2,"NOT RUN",IF(C4=0,"NO VALID VALUES",AVERAGE('Full_all'!$F$2:INDEX('Full_all'!$F:$F,Summary_entry!$B$2)))) | E4: =IF(Summary_entry!$B$2<2,"NOT RUN",IF(C4=0,"NO VALID VALUES",MEDIAN('Full_all'!$F$2:INDEX('Full_all'!$F:$F,Summary_entry!$B$2)))) | F4: =IF(Summary_entry!$B$2<2,"NOT RUN",IF(C4=0,"NO VALID VALUES",_xlfn.IFNA(_xlfn.MODE.SNGL('Full_all'!$F$2:INDEX('Full_all'!$F:$F,Summary_entry!$B$2)),"No mode — all values unique"))) | G4: =IF(Summary_entry!$B$2<2,"NOT RUN",IF(C4<2,"INSUFFICIENT N",_xlfn.STDEV.S('Full_all'!$F$2:INDEX('Full_all'!$F:$F,Summary_entry!$B$2)))) | H4: =IF(Summary_entry!$B$2<2,"NOT RUN",IF(C4=0,"NO VALID VALUES",MIN('Full_all'!$F$2:INDEX('Full_all'!$F:$F,Summary_entry!$B$2)))) | I4: =IF(Summary_entry!$B$2<2,"NOT RUN",IF(C4=0,"NO VALID VALUES",MAX('Full_all'!$F$2:INDEX('Full_all'!$F:$F,Summary_entry!$B$2)))) | J4: =IF(Summary_entry!$B$2<2,"NOT RUN",IF(C4=0,"NO VALID VALUES",_xlfn.QUARTILE.INC('Full_all'!$F$2:INDEX('Full_all'!$F:$F,Summary_entry!$B$2),1))) | K4: =IF(Summary_entry!$B$2<2,"NOT RUN",IF(C4=0,"NO VALID VALUES",_xlfn.QUARTILE.INC('Full_all'!$F$2:INDEX('Full_all'!$F:$F,Summary_entry!$B$2),3))) | L4: =IF(Summary_entry!$B$2<2,"NOT RUN",IF(C4=0,"NO VALID VALUES",K4-J4)) | M4: Full_all!F2:F[last row from Summary_entry]
A5: Full_luxury | B5: Car_Price | C5: =IF(Summary_entry!$B$3<2,"NOT RUN",COUNT('Full_luxury'!$D$2:INDEX('Full_luxury'!$D:$D,Summary_entry!$B$3))) | D5: =IF(Summary_entry!$B$3<2,"NOT RUN",IF(C5=0,"NO VALID VALUES",AVERAGE('Full_luxury'!$D$2:INDEX('Full_luxury'!$D:$D,Summary_entry!$B$3)))) | E5: =IF(Summary_entry!$B$3<2,"NOT RUN",IF(C5=0,"NO VALID VALUES",MEDIAN('Full_luxury'!$D$2:INDEX('Full_luxury'!$D:$D,Summary_entry!$B$3)))) | F5: =IF(Summary_entry!$B$3<2,"NOT RUN",IF(C5=0,"NO VALID VALUES",_xlfn.IFNA(_xlfn.MODE.SNGL('Full_luxury'!$D$2:INDEX('Full_luxury'!$D:$D,Summary_entry!$B$3)),"No mode — all values unique"))) | G5: =IF(Summary_entry!$B$3<2,"NOT RUN",IF(C5<2,"INSUFFICIENT N",_xlfn.STDEV.S('Full_luxury'!$D$2:INDEX('Full_luxury'!$D:$D,Summary_entry!$B$3)))) | H5: =IF(Summary_entry!$B$3<2,"NOT RUN",IF(C5=0,"NO VALID VALUES",MIN('Full_luxury'!$D$2:INDEX('Full_luxury'!$D:$D,Summary_entry!$B$3)))) | I5: =IF(Summary_entry!$B$3<2,"NOT RUN",IF(C5=0,"NO VALID VALUES",MAX('Full_luxury'!$D$2:INDEX('Full_luxury'!$D:$D,Summary_entry!$B$3)))) | J5: =IF(Summary_entry!$B$3<2,"NOT RUN",IF(C5=0,"NO VALID VALUES",_xlfn.QUARTILE.INC('Full_luxury'!$D$2:INDEX('Full_luxury'!$D:$D,Summary_entry!$B$3),1))) | K5: =IF(Summary_entry!$B$3<2,"NOT RUN",IF(C5=0,"NO VALID VALUES",_xlfn.QUARTILE.INC('Full_luxury'!$D$2:INDEX('Full_luxury'!$D:$D,Summary_entry!$B$3),3))) | L5: =IF(Summary_entry!$B$3<2,"NOT RUN",IF(C5=0,"NO VALID VALUES",K5-J5)) | M5: Full_luxury!D2:D[last row from Summary_entry]
A6: Full_luxury | B6: Registration_Age | C6: =IF(Summary_entry!$B$3<2,"NOT RUN",COUNT('Full_luxury'!$E$2:INDEX('Full_luxury'!$E:$E,Summary_entry!$B$3))) | D6: =IF(Summary_entry!$B$3<2,"NOT RUN",IF(C6=0,"NO VALID VALUES",AVERAGE('Full_luxury'!$E$2:INDEX('Full_luxury'!$E:$E,Summary_entry!$B$3)))) | E6: =IF(Summary_entry!$B$3<2,"NOT RUN",IF(C6=0,"NO VALID VALUES",MEDIAN('Full_luxury'!$E$2:INDEX('Full_luxury'!$E:$E,Summary_entry!$B$3)))) | F6: =IF(Summary_entry!$B$3<2,"NOT RUN",IF(C6=0,"NO VALID VALUES",_xlfn.IFNA(_xlfn.MODE.SNGL('Full_luxury'!$E$2:INDEX('Full_luxury'!$E:$E,Summary_entry!$B$3)),"No mode — all values unique"))) | G6: =IF(Summary_entry!$B$3<2,"NOT RUN",IF(C6<2,"INSUFFICIENT N",_xlfn.STDEV.S('Full_luxury'!$E$2:INDEX('Full_luxury'!$E:$E,Summary_entry!$B$3)))) | H6: =IF(Summary_entry!$B$3<2,"NOT RUN",IF(C6=0,"NO VALID VALUES",MIN('Full_luxury'!$E$2:INDEX('Full_luxury'!$E:$E,Summary_entry!$B$3)))) | I6: =IF(Summary_entry!$B$3<2,"NOT RUN",IF(C6=0,"NO VALID VALUES",MAX('Full_luxury'!$E$2:INDEX('Full_luxury'!$E:$E,Summary_entry!$B$3)))) | J6: =IF(Summary_entry!$B$3<2,"NOT RUN",IF(C6=0,"NO VALID VALUES",_xlfn.QUARTILE.INC('Full_luxury'!$E$2:INDEX('Full_luxury'!$E:$E,Summary_entry!$B$3),1))) | K6: =IF(Summary_entry!$B$3<2,"NOT RUN",IF(C6=0,"NO VALID VALUES",_xlfn.QUARTILE.INC('Full_luxury'!$E$2:INDEX('Full_luxury'!$E:$E,Summary_entry!$B$3),3))) | L6: =IF(Summary_entry!$B$3<2,"NOT RUN",IF(C6=0,"NO VALID VALUES",K6-J6)) | M6: Full_luxury!E2:E[last row from Summary_entry]
A7: Full_luxury | B7: Kms_Driven | C7: =IF(Summary_entry!$B$3<2,"NOT RUN",COUNT('Full_luxury'!$F$2:INDEX('Full_luxury'!$F:$F,Summary_entry!$B$3))) | D7: =IF(Summary_entry!$B$3<2,"NOT RUN",IF(C7=0,"NO VALID VALUES",AVERAGE('Full_luxury'!$F$2:INDEX('Full_luxury'!$F:$F,Summary_entry!$B$3)))) | E7: =IF(Summary_entry!$B$3<2,"NOT RUN",IF(C7=0,"NO VALID VALUES",MEDIAN('Full_luxury'!$F$2:INDEX('Full_luxury'!$F:$F,Summary_entry!$B$3)))) | F7: =IF(Summary_entry!$B$3<2,"NOT RUN",IF(C7=0,"NO VALID VALUES",_xlfn.IFNA(_xlfn.MODE.SNGL('Full_luxury'!$F$2:INDEX('Full_luxury'!$F:$F,Summary_entry!$B$3)),"No mode — all values unique"))) | G7: =IF(Summary_entry!$B$3<2,"NOT RUN",IF(C7<2,"INSUFFICIENT N",_xlfn.STDEV.S('Full_luxury'!$F$2:INDEX('Full_luxury'!$F:$F,Summary_entry!$B$3)))) | H7: =IF(Summary_entry!$B$3<2,"NOT RUN",IF(C7=0,"NO VALID VALUES",MIN('Full_luxury'!$F$2:INDEX('Full_luxury'!$F:$F,Summary_entry!$B$3)))) | I7: =IF(Summary_entry!$B$3<2,"NOT RUN",IF(C7=0,"NO VALID VALUES",MAX('Full_luxury'!$F$2:INDEX('Full_luxury'!$F:$F,Summary_entry!$B$3)))) | J7: =IF(Summary_entry!$B$3<2,"NOT RUN",IF(C7=0,"NO VALID VALUES",_xlfn.QUARTILE.INC('Full_luxury'!$F$2:INDEX('Full_luxury'!$F:$F,Summary_entry!$B$3),1))) | K7: =IF(Summary_entry!$B$3<2,"NOT RUN",IF(C7=0,"NO VALID VALUES",_xlfn.QUARTILE.INC('Full_luxury'!$F$2:INDEX('Full_luxury'!$F:$F,Summary_entry!$B$3),3))) | L7: =IF(Summary_entry!$B$3<2,"NOT RUN",IF(C7=0,"NO VALID VALUES",K7-J7)) | M7: Full_luxury!F2:F[last row from Summary_entry]
A8: Full_nonluxury | B8: Car_Price | C8: =IF(Summary_entry!$B$4<2,"NOT RUN",COUNT('Full_nonluxury'!$D$2:INDEX('Full_nonluxury'!$D:$D,Summary_entry!$B$4))) | D8: =IF(Summary_entry!$B$4<2,"NOT RUN",IF(C8=0,"NO VALID VALUES",AVERAGE('Full_nonluxury'!$D$2:INDEX('Full_nonluxury'!$D:$D,Summary_entry!$B$4)))) | E8: =IF(Summary_entry!$B$4<2,"NOT RUN",IF(C8=0,"NO VALID VALUES",MEDIAN('Full_nonluxury'!$D$2:INDEX('Full_nonluxury'!$D:$D,Summary_entry!$B$4)))) | F8: =IF(Summary_entry!$B$4<2,"NOT RUN",IF(C8=0,"NO VALID VALUES",_xlfn.IFNA(_xlfn.MODE.SNGL('Full_nonluxury'!$D$2:INDEX('Full_nonluxury'!$D:$D,Summary_entry!$B$4)),"No mode — all values unique"))) | G8: =IF(Summary_entry!$B$4<2,"NOT RUN",IF(C8<2,"INSUFFICIENT N",_xlfn.STDEV.S('Full_nonluxury'!$D$2:INDEX('Full_nonluxury'!$D:$D,Summary_entry!$B$4)))) | H8: =IF(Summary_entry!$B$4<2,"NOT RUN",IF(C8=0,"NO VALID VALUES",MIN('Full_nonluxury'!$D$2:INDEX('Full_nonluxury'!$D:$D,Summary_entry!$B$4)))) | I8: =IF(Summary_entry!$B$4<2,"NOT RUN",IF(C8=0,"NO VALID VALUES",MAX('Full_nonluxury'!$D$2:INDEX('Full_nonluxury'!$D:$D,Summary_entry!$B$4)))) | J8: =IF(Summary_entry!$B$4<2,"NOT RUN",IF(C8=0,"NO VALID VALUES",_xlfn.QUARTILE.INC('Full_nonluxury'!$D$2:INDEX('Full_nonluxury'!$D:$D,Summary_entry!$B$4),1))) | K8: =IF(Summary_entry!$B$4<2,"NOT RUN",IF(C8=0,"NO VALID VALUES",_xlfn.QUARTILE.INC('Full_nonluxury'!$D$2:INDEX('Full_nonluxury'!$D:$D,Summary_entry!$B$4),3))) | L8: =IF(Summary_entry!$B$4<2,"NOT RUN",IF(C8=0,"NO VALID VALUES",K8-J8)) | M8: Full_nonluxury!D2:D[last row from Summary_entry]
A9: Full_nonluxury | B9: Registration_Age | C9: =IF(Summary_entry!$B$4<2,"NOT RUN",COUNT('Full_nonluxury'!$E$2:INDEX('Full_nonluxury'!$E:$E,Summary_entry!$B$4))) | D9: =IF(Summary_entry!$B$4<2,"NOT RUN",IF(C9=0,"NO VALID VALUES",AVERAGE('Full_nonluxury'!$E$2:INDEX('Full_nonluxury'!$E:$E,Summary_entry!$B$4)))) | E9: =IF(Summary_entry!$B$4<2,"NOT RUN",IF(C9=0,"NO VALID VALUES",MEDIAN('Full_nonluxury'!$E$2:INDEX('Full_nonluxury'!$E:$E,Summary_entry!$B$4)))) | F9: =IF(Summary_entry!$B$4<2,"NOT RUN",IF(C9=0,"NO VALID VALUES",_xlfn.IFNA(_xlfn.MODE.SNGL('Full_nonluxury'!$E$2:INDEX('Full_nonluxury'!$E:$E,Summary_entry!$B$4)),"No mode — all values unique"))) | G9: =IF(Summary_entry!$B$4<2,"NOT RUN",IF(C9<2,"INSUFFICIENT N",_xlfn.STDEV.S('Full_nonluxury'!$E$2:INDEX('Full_nonluxury'!$E:$E,Summary_entry!$B$4)))) | H9: =IF(Summary_entry!$B$4<2,"NOT RUN",IF(C9=0,"NO VALID VALUES",MIN('Full_nonluxury'!$E$2:INDEX('Full_nonluxury'!$E:$E,Summary_entry!$B$4)))) | I9: =IF(Summary_entry!$B$4<2,"NOT RUN",IF(C9=0,"NO VALID VALUES",MAX('Full_nonluxury'!$E$2:INDEX('Full_nonluxury'!$E:$E,Summary_entry!$B$4)))) | J9: =IF(Summary_entry!$B$4<2,"NOT RUN",IF(C9=0,"NO VALID VALUES",_xlfn.QUARTILE.INC('Full_nonluxury'!$E$2:INDEX('Full_nonluxury'!$E:$E,Summary_entry!$B$4),1))) | K9: =IF(Summary_entry!$B$4<2,"NOT RUN",IF(C9=0,"NO VALID VALUES",_xlfn.QUARTILE.INC('Full_nonluxury'!$E$2:INDEX('Full_nonluxury'!$E:$E,Summary_entry!$B$4),3))) | L9: =IF(Summary_entry!$B$4<2,"NOT RUN",IF(C9=0,"NO VALID VALUES",K9-J9)) | M9: Full_nonluxury!E2:E[last row from Summary_entry]
A10: Full_nonluxury | B10: Kms_Driven | C10: =IF(Summary_entry!$B$4<2,"NOT RUN",COUNT('Full_nonluxury'!$F$2:INDEX('Full_nonluxury'!$F:$F,Summary_entry!$B$4))) | D10: =IF(Summary_entry!$B$4<2,"NOT RUN",IF(C10=0,"NO VALID VALUES",AVERAGE('Full_nonluxury'!$F$2:INDEX('Full_nonluxury'!$F:$F,Summary_entry!$B$4)))) | E10: =IF(Summary_entry!$B$4<2,"NOT RUN",IF(C10=0,"NO VALID VALUES",MEDIAN('Full_nonluxury'!$F$2:INDEX('Full_nonluxury'!$F:$F,Summary_entry!$B$4)))) | F10: =IF(Summary_entry!$B$4<2,"NOT RUN",IF(C10=0,"NO VALID VALUES",_xlfn.IFNA(_xlfn.MODE.SNGL('Full_nonluxury'!$F$2:INDEX('Full_nonluxury'!$F:$F,Summary_entry!$B$4)),"No mode — all values unique"))) | G10: =IF(Summary_entry!$B$4<2,"NOT RUN",IF(C10<2,"INSUFFICIENT N",_xlfn.STDEV.S('Full_nonluxury'!$F$2:INDEX('Full_nonluxury'!$F:$F,Summary_entry!$B$4)))) | H10: =IF(Summary_entry!$B$4<2,"NOT RUN",IF(C10=0,"NO VALID VALUES",MIN('Full_nonluxury'!$F$2:INDEX('Full_nonluxury'!$F:$F,Summary_entry!$B$4)))) | I10: =IF(Summary_entry!$B$4<2,"NOT RUN",IF(C10=0,"NO VALID VALUES",MAX('Full_nonluxury'!$F$2:INDEX('Full_nonluxury'!$F:$F,Summary_entry!$B$4)))) | J10: =IF(Summary_entry!$B$4<2,"NOT RUN",IF(C10=0,"NO VALID VALUES",_xlfn.QUARTILE.INC('Full_nonluxury'!$F$2:INDEX('Full_nonluxury'!$F:$F,Summary_entry!$B$4),1))) | K10: =IF(Summary_entry!$B$4<2,"NOT RUN",IF(C10=0,"NO VALID VALUES",_xlfn.QUARTILE.INC('Full_nonluxury'!$F$2:INDEX('Full_nonluxury'!$F:$F,Summary_entry!$B$4),3))) | L10: =IF(Summary_entry!$B$4<2,"NOT RUN",IF(C10=0,"NO VALID VALUES",K10-J10)) | M10: Full_nonluxury!F2:F[last row from Summary_entry]
A11: Screen_all | B11: Car_Price | C11: =IF(Summary_entry!$B$5<2,"NOT RUN",COUNT('Screen_all'!$D$2:INDEX('Screen_all'!$D:$D,Summary_entry!$B$5))) | D11: =IF(Summary_entry!$B$5<2,"NOT RUN",IF(C11=0,"NO VALID VALUES",AVERAGE('Screen_all'!$D$2:INDEX('Screen_all'!$D:$D,Summary_entry!$B$5)))) | E11: =IF(Summary_entry!$B$5<2,"NOT RUN",IF(C11=0,"NO VALID VALUES",MEDIAN('Screen_all'!$D$2:INDEX('Screen_all'!$D:$D,Summary_entry!$B$5)))) | F11: =IF(Summary_entry!$B$5<2,"NOT RUN",IF(C11=0,"NO VALID VALUES",_xlfn.IFNA(_xlfn.MODE.SNGL('Screen_all'!$D$2:INDEX('Screen_all'!$D:$D,Summary_entry!$B$5)),"No mode — all values unique"))) | G11: =IF(Summary_entry!$B$5<2,"NOT RUN",IF(C11<2,"INSUFFICIENT N",_xlfn.STDEV.S('Screen_all'!$D$2:INDEX('Screen_all'!$D:$D,Summary_entry!$B$5)))) | H11: =IF(Summary_entry!$B$5<2,"NOT RUN",IF(C11=0,"NO VALID VALUES",MIN('Screen_all'!$D$2:INDEX('Screen_all'!$D:$D,Summary_entry!$B$5)))) | I11: =IF(Summary_entry!$B$5<2,"NOT RUN",IF(C11=0,"NO VALID VALUES",MAX('Screen_all'!$D$2:INDEX('Screen_all'!$D:$D,Summary_entry!$B$5)))) | J11: =IF(Summary_entry!$B$5<2,"NOT RUN",IF(C11=0,"NO VALID VALUES",_xlfn.QUARTILE.INC('Screen_all'!$D$2:INDEX('Screen_all'!$D:$D,Summary_entry!$B$5),1))) | K11: =IF(Summary_entry!$B$5<2,"NOT RUN",IF(C11=0,"NO VALID VALUES",_xlfn.QUARTILE.INC('Screen_all'!$D$2:INDEX('Screen_all'!$D:$D,Summary_entry!$B$5),3))) | L11: =IF(Summary_entry!$B$5<2,"NOT RUN",IF(C11=0,"NO VALID VALUES",K11-J11)) | M11: Screen_all!D2:D[last row from Summary_entry]
A12: Screen_all | B12: Registration_Age | C12: =IF(Summary_entry!$B$5<2,"NOT RUN",COUNT('Screen_all'!$E$2:INDEX('Screen_all'!$E:$E,Summary_entry!$B$5))) | D12: =IF(Summary_entry!$B$5<2,"NOT RUN",IF(C12=0,"NO VALID VALUES",AVERAGE('Screen_all'!$E$2:INDEX('Screen_all'!$E:$E,Summary_entry!$B$5)))) | E12: =IF(Summary_entry!$B$5<2,"NOT RUN",IF(C12=0,"NO VALID VALUES",MEDIAN('Screen_all'!$E$2:INDEX('Screen_all'!$E:$E,Summary_entry!$B$5)))) | F12: =IF(Summary_entry!$B$5<2,"NOT RUN",IF(C12=0,"NO VALID VALUES",_xlfn.IFNA(_xlfn.MODE.SNGL('Screen_all'!$E$2:INDEX('Screen_all'!$E:$E,Summary_entry!$B$5)),"No mode — all values unique"))) | G12: =IF(Summary_entry!$B$5<2,"NOT RUN",IF(C12<2,"INSUFFICIENT N",_xlfn.STDEV.S('Screen_all'!$E$2:INDEX('Screen_all'!$E:$E,Summary_entry!$B$5)))) | H12: =IF(Summary_entry!$B$5<2,"NOT RUN",IF(C12=0,"NO VALID VALUES",MIN('Screen_all'!$E$2:INDEX('Screen_all'!$E:$E,Summary_entry!$B$5)))) | I12: =IF(Summary_entry!$B$5<2,"NOT RUN",IF(C12=0,"NO VALID VALUES",MAX('Screen_all'!$E$2:INDEX('Screen_all'!$E:$E,Summary_entry!$B$5)))) | J12: =IF(Summary_entry!$B$5<2,"NOT RUN",IF(C12=0,"NO VALID VALUES",_xlfn.QUARTILE.INC('Screen_all'!$E$2:INDEX('Screen_all'!$E:$E,Summary_entry!$B$5),1))) | K12: =IF(Summary_entry!$B$5<2,"NOT RUN",IF(C12=0,"NO VALID VALUES",_xlfn.QUARTILE.INC('Screen_all'!$E$2:INDEX('Screen_all'!$E:$E,Summary_entry!$B$5),3))) | L12: =IF(Summary_entry!$B$5<2,"NOT RUN",IF(C12=0,"NO VALID VALUES",K12-J12)) | M12: Screen_all!E2:E[last row from Summary_entry]
A13: Screen_all | B13: Kms_Driven | C13: =IF(Summary_entry!$B$5<2,"NOT RUN",COUNT('Screen_all'!$F$2:INDEX('Screen_all'!$F:$F,Summary_entry!$B$5))) | D13: =IF(Summary_entry!$B$5<2,"NOT RUN",IF(C13=0,"NO VALID VALUES",AVERAGE('Screen_all'!$F$2:INDEX('Screen_all'!$F:$F,Summary_entry!$B$5)))) | E13: =IF(Summary_entry!$B$5<2,"NOT RUN",IF(C13=0,"NO VALID VALUES",MEDIAN('Screen_all'!$F$2:INDEX('Screen_all'!$F:$F,Summary_entry!$B$5)))) | F13: =IF(Summary_entry!$B$5<2,"NOT RUN",IF(C13=0,"NO VALID VALUES",_xlfn.IFNA(_xlfn.MODE.SNGL('Screen_all'!$F$2:INDEX('Screen_all'!$F:$F,Summary_entry!$B$5)),"No mode — all values unique"))) | G13: =IF(Summary_entry!$B$5<2,"NOT RUN",IF(C13<2,"INSUFFICIENT N",_xlfn.STDEV.S('Screen_all'!$F$2:INDEX('Screen_all'!$F:$F,Summary_entry!$B$5)))) | H13: =IF(Summary_entry!$B$5<2,"NOT RUN",IF(C13=0,"NO VALID VALUES",MIN('Screen_all'!$F$2:INDEX('Screen_all'!$F:$F,Summary_entry!$B$5)))) | I13: =IF(Summary_entry!$B$5<2,"NOT RUN",IF(C13=0,"NO VALID VALUES",MAX('Screen_all'!$F$2:INDEX('Screen_all'!$F:$F,Summary_entry!$B$5)))) | J13: =IF(Summary_entry!$B$5<2,"NOT RUN",IF(C13=0,"NO VALID VALUES",_xlfn.QUARTILE.INC('Screen_all'!$F$2:INDEX('Screen_all'!$F:$F,Summary_entry!$B$5),1))) | K13: =IF(Summary_entry!$B$5<2,"NOT RUN",IF(C13=0,"NO VALID VALUES",_xlfn.QUARTILE.INC('Screen_all'!$F$2:INDEX('Screen_all'!$F:$F,Summary_entry!$B$5),3))) | L13: =IF(Summary_entry!$B$5<2,"NOT RUN",IF(C13=0,"NO VALID VALUES",K13-J13)) | M13: Screen_all!F2:F[last row from Summary_entry]
A14: Screen_luxury | B14: Car_Price | C14: =IF(Summary_entry!$B$6<2,"NOT RUN",COUNT('Screen_luxury'!$D$2:INDEX('Screen_luxury'!$D:$D,Summary_entry!$B$6))) | D14: =IF(Summary_entry!$B$6<2,"NOT RUN",IF(C14=0,"NO VALID VALUES",AVERAGE('Screen_luxury'!$D$2:INDEX('Screen_luxury'!$D:$D,Summary_entry!$B$6)))) | E14: =IF(Summary_entry!$B$6<2,"NOT RUN",IF(C14=0,"NO VALID VALUES",MEDIAN('Screen_luxury'!$D$2:INDEX('Screen_luxury'!$D:$D,Summary_entry!$B$6)))) | F14: =IF(Summary_entry!$B$6<2,"NOT RUN",IF(C14=0,"NO VALID VALUES",_xlfn.IFNA(_xlfn.MODE.SNGL('Screen_luxury'!$D$2:INDEX('Screen_luxury'!$D:$D,Summary_entry!$B$6)),"No mode — all values unique"))) | G14: =IF(Summary_entry!$B$6<2,"NOT RUN",IF(C14<2,"INSUFFICIENT N",_xlfn.STDEV.S('Screen_luxury'!$D$2:INDEX('Screen_luxury'!$D:$D,Summary_entry!$B$6)))) | H14: =IF(Summary_entry!$B$6<2,"NOT RUN",IF(C14=0,"NO VALID VALUES",MIN('Screen_luxury'!$D$2:INDEX('Screen_luxury'!$D:$D,Summary_entry!$B$6)))) | I14: =IF(Summary_entry!$B$6<2,"NOT RUN",IF(C14=0,"NO VALID VALUES",MAX('Screen_luxury'!$D$2:INDEX('Screen_luxury'!$D:$D,Summary_entry!$B$6)))) | J14: =IF(Summary_entry!$B$6<2,"NOT RUN",IF(C14=0,"NO VALID VALUES",_xlfn.QUARTILE.INC('Screen_luxury'!$D$2:INDEX('Screen_luxury'!$D:$D,Summary_entry!$B$6),1))) | K14: =IF(Summary_entry!$B$6<2,"NOT RUN",IF(C14=0,"NO VALID VALUES",_xlfn.QUARTILE.INC('Screen_luxury'!$D$2:INDEX('Screen_luxury'!$D:$D,Summary_entry!$B$6),3))) | L14: =IF(Summary_entry!$B$6<2,"NOT RUN",IF(C14=0,"NO VALID VALUES",K14-J14)) | M14: Screen_luxury!D2:D[last row from Summary_entry]
A15: Screen_luxury | B15: Registration_Age | C15: =IF(Summary_entry!$B$6<2,"NOT RUN",COUNT('Screen_luxury'!$E$2:INDEX('Screen_luxury'!$E:$E,Summary_entry!$B$6))) | D15: =IF(Summary_entry!$B$6<2,"NOT RUN",IF(C15=0,"NO VALID VALUES",AVERAGE('Screen_luxury'!$E$2:INDEX('Screen_luxury'!$E:$E,Summary_entry!$B$6)))) | E15: =IF(Summary_entry!$B$6<2,"NOT RUN",IF(C15=0,"NO VALID VALUES",MEDIAN('Screen_luxury'!$E$2:INDEX('Screen_luxury'!$E:$E,Summary_entry!$B$6)))) | F15: =IF(Summary_entry!$B$6<2,"NOT RUN",IF(C15=0,"NO VALID VALUES",_xlfn.IFNA(_xlfn.MODE.SNGL('Screen_luxury'!$E$2:INDEX('Screen_luxury'!$E:$E,Summary_entry!$B$6)),"No mode — all values unique"))) | G15: =IF(Summary_entry!$B$6<2,"NOT RUN",IF(C15<2,"INSUFFICIENT N",_xlfn.STDEV.S('Screen_luxury'!$E$2:INDEX('Screen_luxury'!$E:$E,Summary_entry!$B$6)))) | H15: =IF(Summary_entry!$B$6<2,"NOT RUN",IF(C15=0,"NO VALID VALUES",MIN('Screen_luxury'!$E$2:INDEX('Screen_luxury'!$E:$E,Summary_entry!$B$6)))) | I15: =IF(Summary_entry!$B$6<2,"NOT RUN",IF(C15=0,"NO VALID VALUES",MAX('Screen_luxury'!$E$2:INDEX('Screen_luxury'!$E:$E,Summary_entry!$B$6)))) | J15: =IF(Summary_entry!$B$6<2,"NOT RUN",IF(C15=0,"NO VALID VALUES",_xlfn.QUARTILE.INC('Screen_luxury'!$E$2:INDEX('Screen_luxury'!$E:$E,Summary_entry!$B$6),1))) | K15: =IF(Summary_entry!$B$6<2,"NOT RUN",IF(C15=0,"NO VALID VALUES",_xlfn.QUARTILE.INC('Screen_luxury'!$E$2:INDEX('Screen_luxury'!$E:$E,Summary_entry!$B$6),3))) | L15: =IF(Summary_entry!$B$6<2,"NOT RUN",IF(C15=0,"NO VALID VALUES",K15-J15)) | M15: Screen_luxury!E2:E[last row from Summary_entry]
A16: Screen_luxury | B16: Kms_Driven | C16: =IF(Summary_entry!$B$6<2,"NOT RUN",COUNT('Screen_luxury'!$F$2:INDEX('Screen_luxury'!$F:$F,Summary_entry!$B$6))) | D16: =IF(Summary_entry!$B$6<2,"NOT RUN",IF(C16=0,"NO VALID VALUES",AVERAGE('Screen_luxury'!$F$2:INDEX('Screen_luxury'!$F:$F,Summary_entry!$B$6)))) | E16: =IF(Summary_entry!$B$6<2,"NOT RUN",IF(C16=0,"NO VALID VALUES",MEDIAN('Screen_luxury'!$F$2:INDEX('Screen_luxury'!$F:$F,Summary_entry!$B$6)))) | F16: =IF(Summary_entry!$B$6<2,"NOT RUN",IF(C16=0,"NO VALID VALUES",_xlfn.IFNA(_xlfn.MODE.SNGL('Screen_luxury'!$F$2:INDEX('Screen_luxury'!$F:$F,Summary_entry!$B$6)),"No mode — all values unique"))) | G16: =IF(Summary_entry!$B$6<2,"NOT RUN",IF(C16<2,"INSUFFICIENT N",_xlfn.STDEV.S('Screen_luxury'!$F$2:INDEX('Screen_luxury'!$F:$F,Summary_entry!$B$6)))) | H16: =IF(Summary_entry!$B$6<2,"NOT RUN",IF(C16=0,"NO VALID VALUES",MIN('Screen_luxury'!$F$2:INDEX('Screen_luxury'!$F:$F,Summary_entry!$B$6)))) | I16: =IF(Summary_entry!$B$6<2,"NOT RUN",IF(C16=0,"NO VALID VALUES",MAX('Screen_luxury'!$F$2:INDEX('Screen_luxury'!$F:$F,Summary_entry!$B$6)))) | J16: =IF(Summary_entry!$B$6<2,"NOT RUN",IF(C16=0,"NO VALID VALUES",_xlfn.QUARTILE.INC('Screen_luxury'!$F$2:INDEX('Screen_luxury'!$F:$F,Summary_entry!$B$6),1))) | K16: =IF(Summary_entry!$B$6<2,"NOT RUN",IF(C16=0,"NO VALID VALUES",_xlfn.QUARTILE.INC('Screen_luxury'!$F$2:INDEX('Screen_luxury'!$F:$F,Summary_entry!$B$6),3))) | L16: =IF(Summary_entry!$B$6<2,"NOT RUN",IF(C16=0,"NO VALID VALUES",K16-J16)) | M16: Screen_luxury!F2:F[last row from Summary_entry]
A17: Screen_nonluxury | B17: Car_Price | C17: =IF(Summary_entry!$B$7<2,"NOT RUN",COUNT('Screen_nonluxury'!$D$2:INDEX('Screen_nonluxury'!$D:$D,Summary_entry!$B$7))) | D17: =IF(Summary_entry!$B$7<2,"NOT RUN",IF(C17=0,"NO VALID VALUES",AVERAGE('Screen_nonluxury'!$D$2:INDEX('Screen_nonluxury'!$D:$D,Summary_entry!$B$7)))) | E17: =IF(Summary_entry!$B$7<2,"NOT RUN",IF(C17=0,"NO VALID VALUES",MEDIAN('Screen_nonluxury'!$D$2:INDEX('Screen_nonluxury'!$D:$D,Summary_entry!$B$7)))) | F17: =IF(Summary_entry!$B$7<2,"NOT RUN",IF(C17=0,"NO VALID VALUES",_xlfn.IFNA(_xlfn.MODE.SNGL('Screen_nonluxury'!$D$2:INDEX('Screen_nonluxury'!$D:$D,Summary_entry!$B$7)),"No mode — all values unique"))) | G17: =IF(Summary_entry!$B$7<2,"NOT RUN",IF(C17<2,"INSUFFICIENT N",_xlfn.STDEV.S('Screen_nonluxury'!$D$2:INDEX('Screen_nonluxury'!$D:$D,Summary_entry!$B$7)))) | H17: =IF(Summary_entry!$B$7<2,"NOT RUN",IF(C17=0,"NO VALID VALUES",MIN('Screen_nonluxury'!$D$2:INDEX('Screen_nonluxury'!$D:$D,Summary_entry!$B$7)))) | I17: =IF(Summary_entry!$B$7<2,"NOT RUN",IF(C17=0,"NO VALID VALUES",MAX('Screen_nonluxury'!$D$2:INDEX('Screen_nonluxury'!$D:$D,Summary_entry!$B$7)))) | J17: =IF(Summary_entry!$B$7<2,"NOT RUN",IF(C17=0,"NO VALID VALUES",_xlfn.QUARTILE.INC('Screen_nonluxury'!$D$2:INDEX('Screen_nonluxury'!$D:$D,Summary_entry!$B$7),1))) | K17: =IF(Summary_entry!$B$7<2,"NOT RUN",IF(C17=0,"NO VALID VALUES",_xlfn.QUARTILE.INC('Screen_nonluxury'!$D$2:INDEX('Screen_nonluxury'!$D:$D,Summary_entry!$B$7),3))) | L17: =IF(Summary_entry!$B$7<2,"NOT RUN",IF(C17=0,"NO VALID VALUES",K17-J17)) | M17: Screen_nonluxury!D2:D[last row from Summary_entry]
A18: Screen_nonluxury | B18: Registration_Age | C18: =IF(Summary_entry!$B$7<2,"NOT RUN",COUNT('Screen_nonluxury'!$E$2:INDEX('Screen_nonluxury'!$E:$E,Summary_entry!$B$7))) | D18: =IF(Summary_entry!$B$7<2,"NOT RUN",IF(C18=0,"NO VALID VALUES",AVERAGE('Screen_nonluxury'!$E$2:INDEX('Screen_nonluxury'!$E:$E,Summary_entry!$B$7)))) | E18: =IF(Summary_entry!$B$7<2,"NOT RUN",IF(C18=0,"NO VALID VALUES",MEDIAN('Screen_nonluxury'!$E$2:INDEX('Screen_nonluxury'!$E:$E,Summary_entry!$B$7)))) | F18: =IF(Summary_entry!$B$7<2,"NOT RUN",IF(C18=0,"NO VALID VALUES",_xlfn.IFNA(_xlfn.MODE.SNGL('Screen_nonluxury'!$E$2:INDEX('Screen_nonluxury'!$E:$E,Summary_entry!$B$7)),"No mode — all values unique"))) | G18: =IF(Summary_entry!$B$7<2,"NOT RUN",IF(C18<2,"INSUFFICIENT N",_xlfn.STDEV.S('Screen_nonluxury'!$E$2:INDEX('Screen_nonluxury'!$E:$E,Summary_entry!$B$7)))) | H18: =IF(Summary_entry!$B$7<2,"NOT RUN",IF(C18=0,"NO VALID VALUES",MIN('Screen_nonluxury'!$E$2:INDEX('Screen_nonluxury'!$E:$E,Summary_entry!$B$7)))) | I18: =IF(Summary_entry!$B$7<2,"NOT RUN",IF(C18=0,"NO VALID VALUES",MAX('Screen_nonluxury'!$E$2:INDEX('Screen_nonluxury'!$E:$E,Summary_entry!$B$7)))) | J18: =IF(Summary_entry!$B$7<2,"NOT RUN",IF(C18=0,"NO VALID VALUES",_xlfn.QUARTILE.INC('Screen_nonluxury'!$E$2:INDEX('Screen_nonluxury'!$E:$E,Summary_entry!$B$7),1))) | K18: =IF(Summary_entry!$B$7<2,"NOT RUN",IF(C18=0,"NO VALID VALUES",_xlfn.QUARTILE.INC('Screen_nonluxury'!$E$2:INDEX('Screen_nonluxury'!$E:$E,Summary_entry!$B$7),3))) | L18: =IF(Summary_entry!$B$7<2,"NOT RUN",IF(C18=0,"NO VALID VALUES",K18-J18)) | M18: Screen_nonluxury!E2:E[last row from Summary_entry]
A19: Screen_nonluxury | B19: Kms_Driven | C19: =IF(Summary_entry!$B$7<2,"NOT RUN",COUNT('Screen_nonluxury'!$F$2:INDEX('Screen_nonluxury'!$F:$F,Summary_entry!$B$7))) | D19: =IF(Summary_entry!$B$7<2,"NOT RUN",IF(C19=0,"NO VALID VALUES",AVERAGE('Screen_nonluxury'!$F$2:INDEX('Screen_nonluxury'!$F:$F,Summary_entry!$B$7)))) | E19: =IF(Summary_entry!$B$7<2,"NOT RUN",IF(C19=0,"NO VALID VALUES",MEDIAN('Screen_nonluxury'!$F$2:INDEX('Screen_nonluxury'!$F:$F,Summary_entry!$B$7)))) | F19: =IF(Summary_entry!$B$7<2,"NOT RUN",IF(C19=0,"NO VALID VALUES",_xlfn.IFNA(_xlfn.MODE.SNGL('Screen_nonluxury'!$F$2:INDEX('Screen_nonluxury'!$F:$F,Summary_entry!$B$7)),"No mode — all values unique"))) | G19: =IF(Summary_entry!$B$7<2,"NOT RUN",IF(C19<2,"INSUFFICIENT N",_xlfn.STDEV.S('Screen_nonluxury'!$F$2:INDEX('Screen_nonluxury'!$F:$F,Summary_entry!$B$7)))) | H19: =IF(Summary_entry!$B$7<2,"NOT RUN",IF(C19=0,"NO VALID VALUES",MIN('Screen_nonluxury'!$F$2:INDEX('Screen_nonluxury'!$F:$F,Summary_entry!$B$7)))) | I19: =IF(Summary_entry!$B$7<2,"NOT RUN",IF(C19=0,"NO VALID VALUES",MAX('Screen_nonluxury'!$F$2:INDEX('Screen_nonluxury'!$F:$F,Summary_entry!$B$7)))) | J19: =IF(Summary_entry!$B$7<2,"NOT RUN",IF(C19=0,"NO VALID VALUES",_xlfn.QUARTILE.INC('Screen_nonluxury'!$F$2:INDEX('Screen_nonluxury'!$F:$F,Summary_entry!$B$7),1))) | K19: =IF(Summary_entry!$B$7<2,"NOT RUN",IF(C19=0,"NO VALID VALUES",_xlfn.QUARTILE.INC('Screen_nonluxury'!$F$2:INDEX('Screen_nonluxury'!$F:$F,Summary_entry!$B$7),3))) | L19: =IF(Summary_entry!$B$7<2,"NOT RUN",IF(C19=0,"NO VALID VALUES",K19-J19)) | M19: Screen_nonluxury!F2:F[last row from Summary_entry]

Sheet Correlation_formulas
A1: COHORT | B1: PAIR | C1: PAIR N (AFTER AUDIT) | D1: PEARSON R | E1: AUDIT REQUIREMENT
A2: Full_all | B2: Age–price | D2: =IF(Summary_entry!$B$2<2,"NOT RUN",IF(C2<2,"ENTER AUDITED PAIR N",CORREL('Full_all'!$E$2:INDEX('Full_all'!$E:$E,Summary_entry!$B$2),'Full_all'!$D$2:INDEX('Full_all'!$D:$D,Summary_entry!$B$2)))) | E2: Enter paired-valid n ONLY after checking all copied records have numeric x and price. If invalid records remain, first create and reference an aligned paired-valid range.
A3: Full_all | B3: Usage–price | D3: =IF(Summary_entry!$B$2<2,"NOT RUN",IF(C3<2,"ENTER AUDITED PAIR N",CORREL('Full_all'!$F$2:INDEX('Full_all'!$F:$F,Summary_entry!$B$2),'Full_all'!$D$2:INDEX('Full_all'!$D:$D,Summary_entry!$B$2)))) | E3: Enter paired-valid n ONLY after checking all copied records have numeric x and price. If invalid records remain, first create and reference an aligned paired-valid range.
A4: Full_luxury | B4: Age–price | D4: =IF(Summary_entry!$B$3<2,"NOT RUN",IF(C4<2,"ENTER AUDITED PAIR N",CORREL('Full_luxury'!$E$2:INDEX('Full_luxury'!$E:$E,Summary_entry!$B$3),'Full_luxury'!$D$2:INDEX('Full_luxury'!$D:$D,Summary_entry!$B$3)))) | E4: Enter paired-valid n ONLY after checking all copied records have numeric x and price. If invalid records remain, first create and reference an aligned paired-valid range.
A5: Full_luxury | B5: Usage–price | D5: =IF(Summary_entry!$B$3<2,"NOT RUN",IF(C5<2,"ENTER AUDITED PAIR N",CORREL('Full_luxury'!$F$2:INDEX('Full_luxury'!$F:$F,Summary_entry!$B$3),'Full_luxury'!$D$2:INDEX('Full_luxury'!$D:$D,Summary_entry!$B$3)))) | E5: Enter paired-valid n ONLY after checking all copied records have numeric x and price. If invalid records remain, first create and reference an aligned paired-valid range.
A6: Full_nonluxury | B6: Age–price | D6: =IF(Summary_entry!$B$4<2,"NOT RUN",IF(C6<2,"ENTER AUDITED PAIR N",CORREL('Full_nonluxury'!$E$2:INDEX('Full_nonluxury'!$E:$E,Summary_entry!$B$4),'Full_nonluxury'!$D$2:INDEX('Full_nonluxury'!$D:$D,Summary_entry!$B$4)))) | E6: Enter paired-valid n ONLY after checking all copied records have numeric x and price. If invalid records remain, first create and reference an aligned paired-valid range.
A7: Full_nonluxury | B7: Usage–price | D7: =IF(Summary_entry!$B$4<2,"NOT RUN",IF(C7<2,"ENTER AUDITED PAIR N",CORREL('Full_nonluxury'!$F$2:INDEX('Full_nonluxury'!$F:$F,Summary_entry!$B$4),'Full_nonluxury'!$D$2:INDEX('Full_nonluxury'!$D:$D,Summary_entry!$B$4)))) | E7: Enter paired-valid n ONLY after checking all copied records have numeric x and price. If invalid records remain, first create and reference an aligned paired-valid range.
A8: Screen_all | B8: Age–price | D8: =IF(Summary_entry!$B$5<2,"NOT RUN",IF(C8<2,"ENTER AUDITED PAIR N",CORREL('Screen_all'!$E$2:INDEX('Screen_all'!$E:$E,Summary_entry!$B$5),'Screen_all'!$D$2:INDEX('Screen_all'!$D:$D,Summary_entry!$B$5)))) | E8: Enter paired-valid n ONLY after checking all copied records have numeric x and price. If invalid records remain, first create and reference an aligned paired-valid range.
A9: Screen_all | B9: Usage–price | D9: =IF(Summary_entry!$B$5<2,"NOT RUN",IF(C9<2,"ENTER AUDITED PAIR N",CORREL('Screen_all'!$F$2:INDEX('Screen_all'!$F:$F,Summary_entry!$B$5),'Screen_all'!$D$2:INDEX('Screen_all'!$D:$D,Summary_entry!$B$5)))) | E9: Enter paired-valid n ONLY after checking all copied records have numeric x and price. If invalid records remain, first create and reference an aligned paired-valid range.
A10: Screen_luxury | B10: Age–price | D10: =IF(Summary_entry!$B$6<2,"NOT RUN",IF(C10<2,"ENTER AUDITED PAIR N",CORREL('Screen_luxury'!$E$2:INDEX('Screen_luxury'!$E:$E,Summary_entry!$B$6),'Screen_luxury'!$D$2:INDEX('Screen_luxury'!$D:$D,Summary_entry!$B$6)))) | E10: Enter paired-valid n ONLY after checking all copied records have numeric x and price. If invalid records remain, first create and reference an aligned paired-valid range.
A11: Screen_luxury | B11: Usage–price | D11: =IF(Summary_entry!$B$6<2,"NOT RUN",IF(C11<2,"ENTER AUDITED PAIR N",CORREL('Screen_luxury'!$F$2:INDEX('Screen_luxury'!$F:$F,Summary_entry!$B$6),'Screen_luxury'!$D$2:INDEX('Screen_luxury'!$D:$D,Summary_entry!$B$6)))) | E11: Enter paired-valid n ONLY after checking all copied records have numeric x and price. If invalid records remain, first create and reference an aligned paired-valid range.
A12: Screen_nonluxury | B12: Age–price | D12: =IF(Summary_entry!$B$7<2,"NOT RUN",IF(C12<2,"ENTER AUDITED PAIR N",CORREL('Screen_nonluxury'!$E$2:INDEX('Screen_nonluxury'!$E:$E,Summary_entry!$B$7),'Screen_nonluxury'!$D$2:INDEX('Screen_nonluxury'!$D:$D,Summary_entry!$B$7)))) | E12: Enter paired-valid n ONLY after checking all copied records have numeric x and price. If invalid records remain, first create and reference an aligned paired-valid range.
A13: Screen_nonluxury | B13: Usage–price | D13: =IF(Summary_entry!$B$7<2,"NOT RUN",IF(C13<2,"ENTER AUDITED PAIR N",CORREL('Screen_nonluxury'!$F$2:INDEX('Screen_nonluxury'!$F:$F,Summary_entry!$B$7),'Screen_nonluxury'!$D$2:INDEX('Screen_nonluxury'!$D:$D,Summary_entry!$B$7)))) | E13: Enter paired-valid n ONLY after checking all copied records have numeric x and price. If invalid records remain, first create and reference an aligned paired-valid range.

Sheet Formula_reference
A1: PURPOSE | B1: FORMULA TEXT (NOT EXECUTED) | C1: PRECONDITION
A2: Brand normalisation | B2: =TRIM(A2) | C2: Adjust raw column/header position; retain original values
A3: Luxury flag | B3: =IF(OR(V2="Audi",V2="BMW",V2="Mercedes"),"Luxury","Non-luxury") | C3: Run only after verifying all brands are valid; retain blank/Unknown separately
A4: High-usage flag | B4: =IF(ISNUMBER(L2),L2>1000000,FALSE) | C4: Missing/non-numeric/negative usage must be audited separately
A5: Random key | B5: =RAND() | C5: Generate on every eligible row in Microsoft Excel; freeze as values before sorting
A6: All modal values | B6: =MODE.MULT(Price) | C6: Excel output required if repeated values have tied highest frequencies
A7: Sorted adjacent duplicate | B7: =IF(AND(ISNUMBER(D3),ISNUMBER(D2)),D3=D2,FALSE) | C7: Sort unrounded original values first; count TRUE
A8: Usage decile cutoff | B8: =PERCENTILE.INC(Usage,0.1) | C8: Retain nine pooled cutoffs and boundary-tie allocation rule
A9: MAE later | B9: =AVERAGE(Absolute_Error_Range) | C9: Plan only; do not build final models in M1
A10: RMSE later | B10: =SQRT(AVERAGE(Squared_Error_Range)) | C10: Plan only; evaluate later on the same held-out observations

Sheet Full_all
A1: Original_Row | B1: Brand_Clean | C1: Segment | D1: Car_Price | E1: Registration_Age | F1: Kms_Driven

Sheet Full_luxury
A1: Original_Row | B1: Brand_Clean | C1: Segment | D1: Car_Price | E1: Registration_Age | F1: Kms_Driven

Sheet Full_nonluxury
A1: Original_Row | B1: Brand_Clean | C1: Segment | D1: Car_Price | E1: Registration_Age | F1: Kms_Driven

Sheet Screen_all
A1: Original_Row | B1: Brand_Clean | C1: Segment | D1: Car_Price | E1: Registration_Age | F1: Kms_Driven

Sheet Screen_luxury
A1: Original_Row | B1: Brand_Clean | C1: Segment | D1: Car_Price | E1: Registration_Age | F1: Kms_Driven

Sheet Screen_nonluxury
A1: Original_Row | B1: Brand_Clean | C1: Segment | D1: Car_Price | E1: Registration_Age | F1: Kms_Driven

Sheet Sample_5000
A1: Original_Row | B1: Brand_Clean | C1: Segment | D1: Car_Price | E1: Registration_Age | F1: Kms_Driven | G1: Random_Key_frozen

Sheet Sampling_log
A1: RECORD | B1: VALUE | C1: STATUS
A2: Eligible cohort / filter | C2: NOT RUN
A3: Eligible pool n | C3: NOT RUN
A4: Frozen RAND range | C4: NOT RUN
A5: Freeze / save time | C5: NOT RUN
A6: Whole-table sort keys | B6: Random_Key ascending; Original_Row ascending | C6: PROPOSED
A7: Actual selected n | C7: NOT RUN
A8: Luxury selected n | C8: NOT RUN
A9: Non-luxury selected n | C9: NOT RUN
A10: Retained pool worksheet / version | C10: NOT RUN
A11: Original row identifiers retained | C11: NOT RUN
A12: RAND formulas absent after freezing | C12: NOT RUN

Sheet Chart_log
A1: CHART | B1: X DATA RANGE | C1: Y DATA RANGE | D1: SERIES / COHORT | E1: N | F1: AXIS / BINS | G1: EXCEL CREATED / DATE | H1: STATUS
A2: Age vs price scatter | H2: NOT RUN
A3: Usage vs price scatter | H3: NOT RUN
A4: Price distribution | H4: NOT RUN
A5: Age means by segment | H5: NOT RUN
A6: Usage decile means by segment | H6: NOT RUN
